Title,Year,Duration,MPA,Rating,Votes,description,Movie Link,writers,directors,stars,Languages,oscar_nominated,oscar_winner,globe_nominated,globe_winner,globe_category,oscar_category,méta_score,directors[0],writers[0],stars[0],genres,genres_first2,genre1,genre2,prob_vencer_oscar
Snow White,2025,109,PG,1.6,152000.0,A princess joins forces with seven dwarfs to liberate her kingdom from her cruel stepmother the Evil Queen.,https://www.imdb.com/title/tt6208148/?ref_=sr_i_4,"Erin Cressida Wilson, Jacob Grimm, Wilhelm Grimm",Marc Webb,"Rachel Zegler, Emilia Faucher, Gal Gadot, Andrew Burnap, Andrew Barth Feldman, Tituss Burgess, Martin Klebba, Jason Kravits, George Salazar, Jeremy Swift","English, German",unknown,,unknown,unknown,,,50.0,,,,"Fairy Tale, Feel-Good Romance, Adventure, Family, Fantasy, Musical, Romance","Fairy Tale, Feel-Good Romance",Fairy Tale,Feel-Good Romance,0.22882003
Bridget Jones: Mad About the Boy,2025,124,R,6.7,19000.0,"Bridget Jones navigates life as a widow and single mum with the help of her family, friends, and former lover, Daniel. Back to work and on the apps, she's pursued by a younger man and maybe - just maybe - her son's science teacher.",https://www.imdb.com/title/tt32063050/?ref_=sr_i_68,"Helen Fielding, Dan Mazer, Abi Morgan",Michael Morris,"Renée Zellweger, Chiwetel Ejiofor, Leo Woodall, Hugh Grant, Mila Jankovic, Casper Knopf, Elena Rivers, Colin Firth, Neil Edmond, Sally Phillips",English,unknown,,unknown,unknown,,,72.0,,,,"Romantic Comedy, Comedy, Drama, Romance","Romantic Comedy, Comedy",Romantic Comedy,Comedy,0.22869726
Wolf Man,2025,103,R,5.6,23000.0,"A family at a remote farmhouse is attacked by an unseen animal, but as the night stretches on, the father begins to transform into something unrecognizable.",https://www.imdb.com/title/tt4216984/?ref_=sr_i_11,"Leigh Whannell, Corbett Tuck",Leigh Whannell,"Christopher Abbott, Julia Garner, Matilda Firth, Sam Jaeger, Ben Prendergast, Zac Chandler, Benedict Hardie, Milo Cawthorne, Leigh Whannell, Rob MacBride",English,unknown,,unknown,unknown,,,50.0,,,,"Body Horror, Werewolf Horror, Horror","Body Horror, Werewolf Horror",Body Horror,Werewolf Horror,0.099539004
Into the Deep,2025,90,R,3.4,784.0,Modern day pirates on the hunt for sunken drugs kidnap a boat of tourists and force them to dive into shark infested waters to retrieve the contraband.,https://www.imdb.com/title/tt28637027/?ref_=sr_i_240,"Chad Law, Josh Ridgway",Christian Sesma,"Callum McGowan, Scout Taylor-Compton, Jon Seda, Stuart Townsend, Richard Dreyfuss, AnnaMaria Demara, David Gray, Lorena Sarria, Tofan Pirani, Ron Smoorenburg",English,unknown,,unknown,unknown,,,,,,,"B-Action, Action, Thriller","B-Action, Action",B-Action,Action,0.06820935
The Alto Knights,2025,123,R,5.9,2300.0,"Two of New York City's most notorious organized crime bosses vie for control of the city's streets. Once best friends, petty jealousies and a series of betrayals set them on a deadly collision course.",https://www.imdb.com/title/tt21815562/?ref_=sr_i_21,Nicholas Pileggi,Barry Levinson,"Robert De Niro, Debra Messing, Kathrine Narducci, Cosmo Jarvis, Michael Rispoli, Robert Uricola, Frank Piccirillo, Matt Servitto, Louis Mustillo, Anthony J. Gallo",English,unknown,,unknown,unknown,,,46.0,,,,"Docudrama, Gangster, Period Drama, True Crime, Biography, Crime, Drama, History","Docudrama, Gangster",Docudrama,Gangster,0.033876184
Giant,2025,0,unknown,,,"Inspired by the real-life story of Prince Naseem ""Naz"" Hamed, a British-Yemeni boxer, and his journey from humble beginnings to becoming a world champion and his training under Brendan Ingle who played a crucial role in his success.",https://www.imdb.com/title/tt26452616/?ref_=sr_i_585,Rowan Athale,Rowan Athale,"Pierce Brosnan, Austin Haynes, Amir El-Masry, Arian Nik, Katherine Dow Blyton, Isabelle Bonfrer, Andy M Milligan, Rocco Haynes, Clint Gordon, Adele Lupton",unknown,unknown,,unknown,unknown,BEST MOTION PICTURE - DRAMA,BEST MOTION PICTURE,,,,,"Drama, Sport","Drama, Sport",Drama,Sport,0.025269354
The Twister: Caught in the Storm,2025,89,TV-MA,6.7,2200.0,"It is graduation day in Joplin, Missouri. As the Class of 2011 collect their diplomas, their hometown is hit by a rare EF-5 tornado. Believing it could be the end of the world, a group of teenagers find themselves in the eye of the storm.",https://www.imdb.com/title/tt35882698/?ref_=sr_i_72,Alexandra Lacey,Alexandra Lacey,"Mike Bettes, Cecil Cornish, Chad Crilley, Doug Heady, Helen Hunt, Don Lemon, Will Norton, Barack Obama, Anderson Cooper",English,unknown,,unknown,unknown,,,,,,,Documentary,Documentary,Documentary,unknown,0.022603376
Contraataque,2025,84,TV-MA,6.0,3500.0,"Five friends shopping at US/Mexico border face sicario hitmen, but the targets are actually Murciélagos.",https://www.imdb.com/title/tt23648788/?ref_=sr_i_92,Jose Ruben Escalante Mendez,Chava Cartas,"Luis Alberti, Noé Hernández, Leonardo Alonso, Luis Curiel, David Calderón León, Guillermo Nava, Mayra Batalla, Ishbel Bautista, Israel Islas, Frida Jiser",Spanish,unknown,,unknown,unknown,,,,,,,"Action, Thriller","Action, Thriller",Action,Thriller,0.020938927
The Most Beautiful Girl in the World,2025,122,TV-14,6.1,655.0,A playboy stages a dating show to earn his inheritance by granting his father's last wish: for his son to marry the most beautiful girl in the world.,https://www.imdb.com/title/tt34749630/?ref_=sr_i_434,"Ifan Ismail, Robert Ronny, Titien Wattimena",Robert Ronny,"Reza Rahadian, Sheila Dara Aisha, Kevin Julio, Indra Birowo, Jihane Almira, Bucek Depp, Ira Wibowo, Frederika Cull, Dea Panendra, Agastya Kandou",Indonesian,unknown,,unknown,unknown,,,,,,,"Feel-Good Romance, Romantic Comedy, Showbiz Drama, Comedy, Romance","Feel-Good Romance, Romantic Comedy",Feel-Good Romance,Romantic Comedy,0.018003555
Love Hurts,2025,83,R,5.2,7500.0,"A realtor is pulled back into the life he left behind after his former partner-in-crime resurfaces with an ominous message. With his crime-lord brother also on his trail, he must confront his past and the history he never fully buried.",https://www.imdb.com/title/tt30788842/?ref_=sr_i_16,"Matthew Murray, Josh Stoddard, Luke Passmore",Jonathan Eusebio,"Ke Huy Quan, Ariana DeBose, Mustafa Shakir, Lio Tipton, Daniel Wu, Cam Gigandet, Marshawn Lynch, André Eriksen, Rhys Darby, Sean Astin","English, Russian",unknown,,unknown,unknown,,,34.0,,,,"Martial Arts, Action, Comedy","Martial Arts, Action",Martial Arts,Action,0.015867468
Henry Danger: The Movie,2025,86,TV-PG,4.8,1800.0,A theatrical film based on the Nickelodeon Show 'Henry Danger.',https://www.imdb.com/title/tt7787524/?ref_=sr_i_168,"Christopher J. Nowak, Jake Farrow, Dan Schneider",Joe Menendez,"Jace Norman, Sean Ryan Fox, Ella Anderson, Michael D. Cohen, Frankie Grande, Glee Dango, Andre Tricoteux, Cooper Barnes, Eric Mazimpaka, Rachel Drance",English,unknown,,unknown,unknown,,,,,,,"Superhero, Action, Adventure, Comedy, Family, Sci-Fi","Superhero, Action",Superhero,Action,0.014951651
You're Cordially Invited,2025,109,R,5.5,24000.0,"When two weddings are double-booked at the same venue, the father of one bride and the sister of the other bride try to preserve the wedding weekend.",https://www.imdb.com/title/tt21227864/?ref_=sr_i_106,Nicholas Stoller,Nicholas Stoller,"Will Ferrell, Reese Witherspoon, Geraldine Viswanathan, Meredith Hagner, Jimmy Tatro, Stony Blyden, Leanne Morgan, Rory Scovel, Keyla Monterroso Mejia, Ramona Young",English,unknown,,unknown,unknown,,,51.0,,,,Comedy,Comedy,Comedy,unknown,0.014624724
Tornado,2025,91,R,8.5,28.0,"A Japanese puppeteer's daughter gets caught up with criminals when their show crosses paths with a crime gang, led by Sugarman and his son Little Sugar.",https://www.imdb.com/title/tt27721490/?ref_=sr_i_287,John Maclean,John Maclean,"Douglas Russell, Jack Lowden, Tim Roth, Rory McCann, Takehiro Hira, Ian Hanmore, Alex Macqueen, Jamie Michie, Kôki, Sammy Hayman",English,unknown,,unknown,unknown,,,,,,,"Action, Drama, Thriller","Action, Drama",Action,Drama,0.0122631285
Inheritance,2025,101,R,5.6,1200.0,"When Maya learns her father Sam was once a spy, she suddenly finds herself at the center of an international conspiracy.",https://www.imdb.com/title/tt31050620/?ref_=sr_i_38,"Neil Burger, Olen Steinhauer",Neil Burger,"Phoebe Dynevor, Rhys Ifans, José Alvarez, John Garet Stoker, Kersti Bryan, Byron Clohessy, Majd Eid, Necar Zadegan, Adam El Nahas, Ihab Ebrahim",English,unknown,,unknown,unknown,,,55.0,,,,"Conspiracy Thriller, Thriller","Conspiracy Thriller, Thriller",Conspiracy Thriller,Thriller,0.009584878
O'Dessa,2025,106,PG-13,5.0,1000.0,"A farm girl in search to recover a cherished family heirloom. She travels to a strange and dangerous city where she meets her one true love. To save his soul, she must put the power of destiny to the ultimate test.",https://www.imdb.com/title/tt26304178/?ref_=sr_i_61,Geremy Jasper,Geremy Jasper,"Sadie Sink, Bree Elrod, Pokey LaFarge, Cora Sabo, Luka Baresic, Luca Anic, Mark Boone Junior, Harry Cadby, Bill Bekele, Gea Erjavec",English,unknown,,unknown,unknown,,,41.0,,,,"Drama, Music, Musical","Drama, Music",Drama,Music,0.008987183
Flight Risk,2025,91,R,5.3,22000.0,"A pilot transports an Air Marshal accompanying a fugitive to trial. As they cross the Alaskan wilderness, tensions soar and trust is tested, as not everyone on board is who they seem.",https://www.imdb.com/title/tt10078772/?ref_=sr_i_9,Jared Rosenberg,Mel Gibson,"Michelle Dockery, Mark Wahlberg, Topher Grace, Leah Remini, Maaz Ali, Paul Ben-Victor, Eilise Patton, Senor Pablo, Savanah Joeckel, Mark Schotz",English,unknown,,unknown,unknown,,,38.0,,,,"Action, Crime, Drama, Thriller","Action, Crime",Action,Crime,0.008177346
Revelations,2025,122,TV-14,6.0,1600.0,"A pastor and a detective, driven by their beliefs, pursue a missing person case, with the pastor seeking retribution after a divine revelation identifies the culprit who abducted his son.",https://www.imdb.com/title/tt32648798/?ref_=sr_i_84,"Kyu-Seok Choi, Yeon Sang-ho",Yeon Sang-ho,"Ryu Jun-yeol, Shin Hyeon-bin, Shin Min-jae, Moon Joo-yeon",Korean,unknown,,unknown,unknown,,,,,,,"Crime, Drama, Mystery, Thriller","Crime, Drama",Crime,Drama,0.0061291745
Opus,2025,104,R,5.9,1900.0,"A writer travels to the compound of a pop icon who disappeared years ago. Surrounded by his cult of sycophants, as well as a group of fellow journalists, she soon discovers his twisted plans for the gathering.",https://www.imdb.com/title/tt29929565/?ref_=sr_i_28,Mark Anthony Green,Mark Anthony Green,"Ayo Edebiri, John Malkovich, Juliette Lewis, Murray Bartlett, Melissa Chambers, Tony Hale, Stephanie Suganami, Mark Sivertsen, Amber Midthunder, Tatanka Means",English,unknown,,unknown,unknown,,,42.0,,,,"Psychological Drama, Drama","Psychological Drama, Drama",Psychological Drama,Drama,0.006101349
In the Lost Lands,2025,101,R,5.0,1500.0,"A queen sends the powerful and feared sorceress Gray Alys to the ghostly wilderness of the Lost Lands in search of a magical power, where the sorceress and her guide, the drifter Boyce, must outwit and outfight man and demon.",https://www.imdb.com/title/tt4419684/?ref_=sr_i_26,"Constantin Werner, Paul W.S. Anderson, George R.R. Martin",Paul W.S. Anderson,"Milla Jovovich, Dave Bautista, Arly Jover, Amara Okereke, Fraser James, Simon Lööf, Deirdre Mullins, Sebastian Stankiewicz, Tue Lunding, Jacek Dzisiewicz",English,unknown,,unknown,unknown,,,41.0,,,,"Dark Fantasy, Supernatural Fantasy, Survival, Action, Adventure, Fantasy","Dark Fantasy, Supernatural Fantasy",Dark Fantasy,Supernatural Fantasy,0.0059454525
Valiant One,2025,86,R,5.1,653.0,"With tensions between North and South Korea, a US helicopter crashes on the North Korean side. Now the survivors must work together to protect a civilian tech specialist and find their way out without the help of US military support.",https://www.imdb.com/title/tt21442114/?ref_=sr_i_30,"Eric Tipton, Steve Barnett, Daniel Myrick",Steve Barnett,"Chase Stokes, Lana Condor, Desmin Borges, Callan Mulvey, Jonathan Whitesell, Jun Che, Ronald Patrick Thompson, Stephen Adekolu, Diana Tsoy, Michael Cha","English, Korean",unknown,,unknown,unknown,,,,,,,"Political Thriller, Thriller","Political Thriller, Thriller",Political Thriller,Thriller,0.0058281873
Mouse of Horrors,2025,80,TV-MA,2.7,227.0,"In a seaside town, chaos erupts as Doctor Rupert's monstrous creation stalks the night, harvesting body parts for a sinister purpose. No one is safe.",https://www.imdb.com/title/tt32119171/?ref_=sr_i_362,"Harry Boxley, Marc Gottlieb",Brendan Petrizzo,"Lewis Santer, Stephen Staley, Chris Lines, Natasha Tosini, Allie Moreno, Erin Sanderson, Rosie Edwards, Harry Giubileo, Nichaela Farrell, Jake Watkins",English,unknown,,unknown,unknown,,,,,,,"B-Horror, Slasher Horror, Horror","B-Horror, Slasher Horror",B-Horror,Slasher Horror,0.0052223005
Bloat,2025,86,R,3.7,372.0,"It follows a mother and two sons vacationing in Japan. Their younger son almost drowns in a lake, and soon after the accident, the parents realize that something is wrong with their boy.",https://www.imdb.com/title/tt23131648/?ref_=sr_i_152,"Pablo Absento, Buddy Giovinazzo",Pablo Absento,"Ben McKenzie, Bojana Novakovic, Malcolm Fuller, Sawyer Jones, Kane Kosugi, Royce Johnson, Rebecca Nelson, Jeff Applegate, Larry Bull, Colin Kilkenny","English, Japanese",unknown,,unknown,unknown,,,40.0,,,,"Found Footage Horror, Horror","Found Footage Horror, Horror",Found Footage Horror,Horror,0.0050743236
Back in Action,2025,114,PG-13,5.9,52000.0,Former CIA spies Emily and Matt are pulled back into espionage after their secret identities are exposed.,https://www.imdb.com/title/tt21191806/?ref_=sr_i_95,"Seth Gordon, Brendan O'Brien, Lillian Yu",Seth Gordon,"Jamie Foxx, Cameron Diaz, McKenna Roberts, Rylan Jackson, Kyle Chandler, Glenn Close, Jamie Demetriou, Andrew Scott, Fola Evans-Akingbola, Robert Besta","English, Polish",unknown,,unknown,unknown,,,46.0,,,,"Spy, Action, Comedy","Spy, Action",Spy,Action,0.004981029
Nadaaniyan,2025,119,TV-14,3.0,14000.0,A privileged Delhi socialite hires a middle-class student to pose as her boyfriend to maintain her social status. Their pretense becomes complicated when genuine feelings develop between them.,https://www.imdb.com/title/tt30422937/?ref_=sr_i_127,"Riva Razdan Kapoor, Ishita Moitra, Jehan Handa",Shauna Gautam,"Ibrahim Ali Khan, Khushi Kapoor, Suniel Shetty, Mahima Chaudhry, Barun Chanda, Shaan Madan, Asha Rajgor, Saiyam Luthra, Shivam Gupta, Neel Deewan",Hindi,unknown,,unknown,unknown,,,,,,,"Romantic Comedy, Drama, Romance","Romantic Comedy, Drama",Romantic Comedy,Drama,0.0048203776
Silent Zone,2025,119,R,5.0,1800.0,"In a zombie-ravaged world, a resourceful teen and her protector fight for survival, facing relentless dangers and testing the limits of hope and loyalty.",https://www.imdb.com/title/tt9023964/?ref_=sr_i_105,"Viktor Csák, Krisztián Illés",Peter Deak,"Matt Devere, Luca Papp, Nikolett Barabas, Declan Hannigan, Alexis Latham, Katia Bokor, Roderick Hill, Julian Krenn, Harry Szovik, Márk Palla",English,unknown,,unknown,unknown,,,,,,,"Survival, Zombie Horror, Action, Horror, Thriller","Survival, Zombie Horror",Survival,Zombie Horror,0.004675454
Demon City,2025,106,TV-MA,5.4,3700.0,"Framed for his family's murder and left for dead, an ex-hitman will stop at nothing to exact revenge on the masked ""demons"" who have taken over his city.",https://www.imdb.com/title/tt35111035/?ref_=sr_i_123,"Masamichi Kawabe, Seiji Tanaka",Seiji Tanaka,"Tôma Ikuta, Masahiro Higashide, Miou Tanaka, Ami Tôma, Tarô Suruga, Mai Kiryû, Naoto Takenaka, Takuma Otoo, Masanobu Takashima, Matsuya Onoe",Japanese,unknown,,unknown,unknown,,,,,,,"Supernatural Fantasy, Action, Adventure, Crime, Fantasy, Thriller","Supernatural Fantasy, Action",Supernatural Fantasy,Action,0.0045337016
High Rollers,2025,101,R,3.6,557.0,"A master thief must pull off a dangerous casino heist when his nemesis kidnaps his lover. Caught between rival criminals and FBI pursuit, he risks all to save her and score big.",https://www.imdb.com/title/tt27829510/?ref_=sr_i_65,Chris Sivertson,Randall Emmett,"John Travolta, Gina Gershon, Lukas Haas, Quavo, Natali Yura, Noel Gugliemi, Swen Temmel, Demián Castro, Alex Hurt, Danny Pardo",English,unknown,,unknown,unknown,,,,,,,Action,Action,Action,unknown,0.0045262375
Alarum,2025,95,R,3.3,2200.0,"Two rogue spies go off-grid, marry, and come under attack at their remote cabin hideaway by various intel agencies seeking a stolen hard drive.",https://www.imdb.com/title/tt31456973/?ref_=sr_i_154,Alexander Vesha,Michael Polish,"Scott Eastwood, Sylvester Stallone, Willa Fitzgerald, Mike Colter, D.W. Moffett, Isis Valverde, Joel Cohen, Mark Polish, Abigail Spear, Anton Narinskiy",English,unknown,,unknown,unknown,,,23.0,,,,"Action, Crime, Thriller","Action, Crime",Action,Crime,0.0038717533
One of Them Days,2025,97,R,6.6,8500.0,"When best friends and roommates Dreux and Alyssa discover Alyssa's boyfriend has blown their rent money, the duo finds themselves going to extremes in a race against the clock to avoid eviction and keep their friendship intact.",https://www.imdb.com/title/tt32221196/?ref_=sr_i_3,Syreeta Singleton,Lawrence Lamont,"Keke Palmer, SZA, Vanessa Bell Calloway, Lil Rel Howery, Katt Williams, Maude Apatow, Patrick Cage, Gabrielle Dennis, Janelle James, Amin Joseph",English,unknown,,unknown,unknown,,,71.0,,,,"Buddy Comedy, Comedy","Buddy Comedy, Comedy",Buddy Comedy,Comedy,0.0035298516
Little Siberia,2025,105,TV-MA,5.2,716.0,"A pastor's faith turns upside down when a meteorite lands in his small Finnish town, its impact stirring up chaos and criminal intentions.",https://www.imdb.com/title/tt31828346/?ref_=sr_i_113,"Dome Karukoski, Minna Panjanen, Antti Tuomainen",Dome Karukoski,"Rune Temte, Malla Malmivaara, Tommi Korpela, Eero Ritala, Jenni Banerjee, Martti Suosalo, Haymon Maria Buttinger, Janne Hyytiäinen, Severi Saarinen, Amira Khalifa",Finnish,unknown,,unknown,unknown,,,,,,,"Comedy, Drama, Thriller","Comedy, Drama",Comedy,Drama,0.0031034506
Chaos: The Manson Murders,2025,95,TV-MA,5.6,2100.0,"A deep dive into alternative theories surrounding the Manson murders reveals unexpected connections to government agencies, mind control experiments, and key figures from the era, challenging the accepted narrative.",https://www.imdb.com/title/tt35628886/?ref_=sr_i_161,"Tom O'Neill, Dan Piepenbring",Errol Morris,"Charles Manson, Stephen Kay, Tom O'Neill, Errol Morris, Bobby Beausoleil, Gregg Jakobson, Sharon Tate, Voytek Frykowski, Jay Sebring, Abigail Folger",English,unknown,,unknown,unknown,,,62.0,,,,"Crime, Documentary","Crime, Documentary",Crime,Documentary,0.002652623
Den of Thieves: Pantera,2025,144,R,6.3,21000.0,"Big Nick is back on the hunt in Europe and closing in on Donnie, who is embroiled in the treacherous world of diamond thieves and the infamous Panther mafia, as they plot a massive heist of the world's largest diamond exchange.",https://www.imdb.com/title/tt8008948/?ref_=sr_i_7,"Christian Gudegast, Paul T. Scheuring",Christian Gudegast,"Gerard Butler, O'Shea Jackson Jr., Evin Ahmad, Salvatore Esposito, Orli Shuka, Stéphane Coulon, Cristian Solimeno, Nazmiye Oral, Mark Grosy, Joshua Gabriel Liège","English, French",unknown,,unknown,unknown,,,60.0,,,,"Action, Crime, Drama, Thriller","Action, Crime",Action,Crime,0.0025939618
Larissa: The Other Side of Anitta,2025,100,TV-MA,5.6,612.0,"Behind global star Anitta is Larissa, known only to her inner circle. Through an old flame's perspective, we see her true self emerge as she navigates personal challenges that reshape her life's direction.",https://www.imdb.com/title/tt35630679/?ref_=sr_i_413,Maria Ribeiro,"Pedro Cantelmo, João Wainer","Snoop Dogg, Anitta, Aryè Campos, Pedro Cantelmo, Rebeca Leon, Miriam Macedo, Felipe Britto, Mauro Machado, Jú Amaral, Pedro Sampaio","English, Portuguese, Spanish",unknown,,unknown,unknown,,,,,,,"Music Documentary, Biography, Documentary, Music","Music Documentary, Biography",Music Documentary,Biography,0.0024307743
Like Father Like Son,2025,89,R,4.8,46.0,"Eli's father awaits execution for murder. As Eli experiences violent tendencies himself, he takes drastic steps to break the family's cycle of brutality.",https://www.imdb.com/title/tt33319714/?ref_=sr_i_456,Barry Jay,Barry Jay,"Dylan Flashner, Dermot Mulroney, Benjamin Mackey, Prima Apollinaare, Jim Klock, Eric Michael Cole, Daniel Lench, Casey James, John C. Epperson, Michael Roddy",English,unknown,,unknown,unknown,,,,,,,Thriller,Thriller,Thriller,unknown,0.0023654453
Bert Kreischer: Lucky,2025,67,TV-MA,6.3,431.0,"Comedian Bert Kreischer's fourth Netflix special covers his weight loss journey, family stories, and advice from Snoop Dogg, while reflecting on his lucky life experiences.",https://www.imdb.com/title/tt35924806/?ref_=sr_i_192,Bert Kreischer,Jeff Tomsic,Bert Kreischer,English,unknown,,unknown,unknown,,,,,,,"Stand-Up, Comedy, Documentary","Stand-Up, Comedy",Stand-Up,Comedy,0.0023641
Cleaner,2025,97,R,4.9,3300.0,"Criminal activists hijack a gala, taking 300 hostages. One extremist plans mass murder as a message to the world. An Ex-soldier turned window cleaner now works to rescue the hostages.",https://www.imdb.com/title/tt27812086/?ref_=sr_i_34,"Simon Uttley, Paul Andrew Williams, Matthew Orton",Martin Campbell,"Poppy Townsend White, Dudley Watts, Calvin Warrington-Heasman, Andreea Diac, Daisy Ridley, Matthew Tuck, Kate Nichols, Russell De Rozario, Lee Boardman, Stella Stocker",English,unknown,,unknown,unknown,,,52.0,,,,"One-Person Army Action, Action, Drama, Thriller","One-Person Army Action, Action",One-Person Army Action,Action,0.002341461
Captain America: Brave New World,2025,118,PG-13,5.9,82000.0,"Sam Wilson, the new Captain America, finds himself in the middle of an international incident and must discover the motive behind a nefarious global plan.",https://www.imdb.com/title/tt14513804/?ref_=sr_i_1,"Rob Edwards, Malcolm Spellman, Dalan Musson",Julius Onah,"Anthony Mackie, Harrison Ford, Danny Ramirez, Shira Haas, Carl Lumbly, Tim Blake Nelson, Giancarlo Esposito, Xosha Roquemore, Jóhannes Haukur Jóhannesson, William Mark McCullough",English,unknown,,unknown,unknown,,,42.0,,,,"Action Epic, Adventure Epic, Sci-Fi Epic, Superhero, Action, Adventure, Sci-Fi","Action Epic, Adventure Epic",Action Epic,Adventure Epic,0.002225851
Piglet,2025,90,TV-MA,2.6,405.0,"On Kate's 21st birthday camping trip, her friends encounter Piglet, a monstrous human-pig hybrid who brutally murders one of them. They uncover Piglet's origins and Kate must confront her past to survive the relentless killer.",https://www.imdb.com/title/tt33050292/?ref_=sr_i_344,Harry Boxley,Andrea M. Catinella,"Alexander Butler, Lauren Staerck, Alina Desmond, Shayli Reagan, Jeremy Vinogradov, Valery Danko, Alina Varakuta, Tyler Winchcombe, Eva Ray, Jack Monohan",English,unknown,,unknown,unknown,,,,,,,"B-Horror, Slasher Horror, Horror","B-Horror, Slasher Horror",B-Horror,Slasher Horror,0.002214247
Ash,2025,95,R,5.9,835.0,A woman wakes up on a distant planet and finds the crew of her space station viciously killed. Her investigation into what happened sets in motion a terrifying chain of events.,https://www.imdb.com/title/tt17489650/?ref_=sr_i_35,Jonni Remmler,Flying Lotus,"Eiza González, Aaron Paul, Iko Uwais, Kate Elliott, Beulah Koale, Flying Lotus, Andrew B. Miller",English,unknown,,unknown,unknown,,,63.0,,,,"Alien Invasion, Monster Horror, Psychological Horror, Psychological Thriller, Space Sci-Fi, Survival, Horror, Sci-Fi, Thriller","Alien Invasion, Monster Horror",Alien Invasion,Monster Horror,0.00217762
La Dolce Villa,2025,99,TV-14,6.0,7500.0,"A successful businessman travels to Italy to stop his daughter from spending all her money to restore an old villa, but Italy has other romantic plans.",https://www.imdb.com/title/tt31519456/?ref_=sr_i_109,"Elizabeth Hackett, Hilary Galanoy",Mark Waters,"Scott Foley, Violante Placido, Maia Reficco, Giuseppe Futia, Simone Luglio, Tommaso Basili, Daniel Panzironi, Nunzia Schiano, Luisa De Santis, Lucia Ricalzone",English,unknown,,unknown,unknown,,,44.0,,,,"Comedy, Romance","Comedy, Romance",Comedy,Romance,0.001960575
Locked,2025,95,R,6.4,772.0,A thief breaking into a luxury SUV realizes that he has slipped into a sophisticated game of psychological horror.,https://www.imdb.com/title/tt26671996/?ref_=sr_i_32,"Mariano Cohn, Gastón Duprat, Michael Arlen Ross",David Yarovesky,"Bill Skarsgård, Anthony Hopkins, Ashley Cartwright, Navid Charkhi, Michael Eklund, Emma Kombe, Sofia Tesema",English,unknown,,unknown,unknown,,,45.0,,,,"Psychological Thriller, Thriller","Psychological Thriller, Thriller",Psychological Thriller,Thriller,0.0018689531
Sniper: The Last Stand,2025,99,R,4.5,758.0,"An expert sniper leads a special ops team in Costa Verde to prevent a dangerous arms dealer from deploying a lethal weapon. While mentoring a rookie shooter, he struggles with his new leadership role as the mission grows deadlier.",https://www.imdb.com/title/tt34910018/?ref_=sr_i_245,Sean Wathen,Danishka Esterhazy,"Chad Michael Collins, Ryan Robbins, Sharon Taylor, Manuel Rodriguez-Saenz, Vusi Kunene, Sizo Mahlangu, Noxolo Dlamini, Arnold Vosloo, Rob van Vuuren, Shamilla Miller",English,unknown,,unknown,unknown,,,,,,,Action,Action,Action,unknown,0.0018404988
Tyler Perry's Duplicity,2025,109,R,4.6,1000.0,High-powered attorney Marley faces her most personal case yet when she is tasked with uncovering the truth behind the shooting of her best friend Fela's husband.,https://www.imdb.com/title/tt28239363/?ref_=sr_i_62,Tyler Perry,Tyler Perry,"Kat Graham, Meagan Tandy, Tyler Lepley, RonReaco Lee, Joshua Adeyeye, Nick Barrotta, Jimi Stanton, Shannon LaNier, Kim Steele, Betty Mitchell",English,unknown,,unknown,unknown,,,,,,,"Drama, Mystery","Drama, Mystery",Drama,Mystery,0.0015729361
Diddy: The Making of a Bad Boy,2025,99,TV-MA,5.3,539.0,"The documentary delves into Diddy's early years, his transformation from Sean Combs to Puffy and Diddy, the forces that shaped him, his childhood, music career, and the recent allegations of sexual misconduct, challenging perceptions.",https://www.imdb.com/title/tt35261990/?ref_=sr_i_514,"Lisa Bloom, Kim Osorio, Sara Rivers","Lisa Bloom, Al B. Sure!","Lisa Bloom, Kim Osorio, Sara Rivers, Al B. Sure!",English,unknown,,unknown,unknown,,,,,,,"Biography, Crime, Documentary, Music","Biography, Crime",Biography,Crime,0.0015295926
Companion,2025,97,R,7.0,67000.0,A weekend getaway with friends at a remote cabin turns into chaos after it's revealed that one of the guests is not what they seem.,https://www.imdb.com/title/tt26584495/?ref_=sr_i_10,Drew Hancock,Drew Hancock,"Sophie Thatcher, Jack Quaid, Lukas Gage, Megan Suri, Harvey Guillén, Rupert Friend, Jaboukie Young-White, Matt McCarthy, Marc Menchaca, Woody Fu",English,unknown,,unknown,unknown,,,70.0,,,,"Artificial Intelligence, Dark Comedy, Psychological Thriller, Sci-Fi, Thriller","Artificial Intelligence, Dark Comedy",Artificial Intelligence,Dark Comedy,0.0015182999
Last Breath,2025,93,PG-13,6.6,9900.0,A true story that follows seasoned deep-sea divers as they battle the raging elements to rescue their crew mate trapped hundreds of feet below the ocean's surface.,https://www.imdb.com/title/tt14403504/?ref_=sr_i_12,"Mitchell LaFortune, Alex Parkinson, David Brooks",Alex Parkinson,"Woody Harrelson, Simu Liu, Finn Cole, Cliff Curtis, Mark Bonnar, MyAnna Buring, Josef Altin, Bobby Rainsbury, Connor Reed, Nick Biadon",English,unknown,,unknown,unknown,,,66.0,,,,"Sea Adventure, Drama, Thriller","Sea Adventure, Drama",Sea Adventure,Drama,0.0014751084
Don't Die: The Man Who Wants to Live Forever,2025,88,TV-14,6.1,3600.0,Explores a man's quest for immortality and the lengths he goes to defy aging.,https://www.imdb.com/title/tt34977130/?ref_=sr_i_334,"Bryan Johnson, Oliver Zolman, Mac Davis",Chris Smith,"Bryan Johnson, Oliver Zolman, Mac Davis, Joao Pedro de Magalhaes, Vadim Gladyshev, Andrea Maier, Andrew Steele, Ashlee Vance",English,unknown,,unknown,unknown,,,56.0,,,,Documentary,Documentary,Documentary,unknown,0.0013313581
Holland,2025,108,R,5.6,184.0,"A woman's picture-perfect life in quaint Holland, Michigan crumbles, when she and a friend uncover a twisted secret in their midst.",https://www.imdb.com/title/tt3045628/?ref_=sr_i_97,Andrew Sodroski,Mimi Cave,"Nicole Kidman, Gael García Bernal, Matthew Macfadyen, Jude Hill, Jeff Pope, Isaac Krasner, Lennon Parham, Rachel Sennott, Chris Witaske, River Brooks",English,unknown,,unknown,unknown,,,44.0,,,,Thriller,Thriller,Thriller,unknown,0.0012863084
Squad 36,2025,124,TV-MA,5.5,1800.0,"Transferred to the Anti-Crime Brigade, a senior officer probes the deaths of two ex-colleagues and disappearance of another, exposing a bitter feud within the police force.",https://www.imdb.com/title/tt31032711/?ref_=sr_i_142,"Olivier Marchal, Olivier Dujols, Michel Tourscher",Olivier Marchal,"Victor Belmondo, Tewfik Jallab, Yvan Attal, Juliette Dol, Soufiane Guerrab, Jean-Michel Correia, Lydia Andrei, Sonia Bendhaou, Muriel Combeau, Xavier De Moulins",French,unknown,,unknown,unknown,,,,,,,"Police Procedural, Crime, Drama, Thriller","Police Procedural, Crime",Police Procedural,Crime,0.001257628
Legends of the Condor Heroes: The Gallants,2025,146,R,6.8,2700.0,"The Mongols, led by Genghis Khan, went west to destroy the Jin Dynasty, wanted to go south to destroy the Song Dynasty. Martial Arts Masters from several Schools in the Central Plains of China fought gathering strength to defend Xiangyang.",https://www.imdb.com/title/tt28131433/?ref_=sr_i_36,"Louis Cha, Hark Tsui",Hark Tsui,"Zhan Xiao, Dafei Zhuang, Tony Ka Fai Leung, Wenxin Zhang, Bayaertu, Alan Aruna, Ada Choi, Yuming Du, Jun Hu, Chen Li","Mandarin, Mongolian",unknown,,unknown,unknown,,,,,,,"Action, Adventure, Drama, History, Romance, War","Action, Adventure",Action,Adventure,0.0012555651
Girl in the Garage: The Laura Cowan Story,2025,88,TV-14,6.9,116.0,"After her husband's arrest, Laura's family finds shelter with a friend, but it becomes a trap of abuse. Despite discovering other victims, Laura remains hopeful, documenting everything until she can alert authorities and escape.",https://www.imdb.com/title/tt34601156/?ref_=sr_i_575,Avery O. Williams,Manu Boyer,"Jazzanae Sherman, Stephen Bishop, Paige Hurd, Brad James, Kaiden Nicholas Johnson, Rafe Jones, Shanica Knowles, Jackson Little, Petey McGee, Maresha Robinson",English,unknown,,unknown,unknown,,,,,,,Drama,Drama,Drama,unknown,0.0011017029
Kiss of the Spider Woman,2025,128,unknown,6.3,215.0,"Valentín, a political prisoner, shares a cell with Molina, convicted for public indecency. An unlikely bond forms as Molina recounts a Hollywood musical plot starring Ingrid Luna.",https://www.imdb.com/title/tt30400277/?ref_=sr_i_283,"Bill Condon, Terrence McNally, Manuel Puig",Bill Condon,"Diego Luna, Tonatiuh, Jennifer Lopez, Bruno Bichir, Josefina Scaglione, Aline Mayagoitia, PJ Adzima, Kevin Michael Brennan, Thomas Canestraro, Debra Cardona","English, Spanish",unknown,,unknown,unknown,BEST MOTION PICTURE - DRAMA,BEST PICTURE,60.0,,,,"Political Drama, Prison Drama, Drama, Musical","Political Drama, Prison Drama",Political Drama,Prison Drama,0.0009091058
Both Eyes Open,2025,100,TV-MA,8.1,26.0,"Ally escapes an abusive relationship but hallucinates about her abuser. She receives cryptic messages suggesting he's nearby. As the messages intensify and her reality unravels, Ally realizes the truth may be closer than she thought.",https://www.imdb.com/title/tt32604318/?ref_=sr_i_44,Ariel Julia Hairston,Ariel Julia Hairston,"Gail Bean, Joy Brunson, Taye Diggs, Katerina Eichenberger, Carla Fisher, Joanie Geiger, Christie Leverette, Michael Oloyede, Tristan Mack Wilds",unknown,unknown,,unknown,unknown,,,,,,,Thriller,Thriller,Thriller,unknown,0.0008385046
Uppercut,2025,104,R,3.5,465.0,"Follows Toni's journey from seeking boxing training from Elliott, a gym owner, to becoming a pioneering female boxing manager guiding Payne to a championship fight, while drawing upon lessons learned from Elliott.",https://www.imdb.com/title/tt29603375/?ref_=sr_i_404,Torsten Ruether,Torsten Ruether,"Ving Rhames, Luise Großmann, Jordan E. Cooper, Joanna Cassidy, Scott Monahan, Andrew Ibach, Lynn Favin, Manny Ayala, Biko Eisen-Martin, Cedric Brandon Jones",English,unknown,,unknown,unknown,,,,,,,"Drama, Thriller","Drama, Thriller",Drama,Thriller,0.000729365
Lucca's World,2025,96,TV-14,6.8,1300.0,"Determined to help her son, who has cerebral palsy, Bárbara takes her family to India for an experimental treatment.",https://www.imdb.com/title/tt28657879/?ref_=sr_i_301,"Bárbara Anderson, Mariana Chenillo, Javier Peñalosa",Mariana Chenillo,"Bárbara Mori, Juan Pablo Medina, Sean Burgos, Bill Rogers, Julián Tello, Danish Husain, Joe Hernandez, Ari Brickman, Hernán Mendoza, Alejandra Corman","Spanish, English",unknown,,unknown,unknown,,,,,,,Drama,Drama,Drama,unknown,0.0007111897
The Gorge,2025,127,PG-13,6.7,96000.0,"Two highly-trained operatives become close after being sent to protect opposite sides of a mysterious gorge. When an evil emerges, they must work together to survive what lies within.",https://www.imdb.com/title/tt13654226/?ref_=sr_i_52,Zach Dean,Scott Derrickson,"Miles Teller, Anya Taylor-Joy, Sigourney Weaver, Sope Dirisu, William Houston, Kobna Holdbrook-Smith, James Marlowe, Julianna Kurokawa, Ruta Gedmintas, Oliver Trevena","English, Lithuanian",unknown,,unknown,unknown,,,57.0,,,,"Dark Romance, Monster Horror, Survival, Action, Adventure, Horror, Romance, Sci-Fi","Dark Romance, Monster Horror",Dark Romance,Monster Horror,0.0006910925
Star Trek: Section 31,2025,95,PG-13,3.8,14000.0,"In Star Trek: Section 31, Emperor Philippa Georgiou joins a secret division of Starfleet tasked with protecting the United Federation of Planets, and must face the sins of her past.",https://www.imdb.com/title/tt9603060/?ref_=sr_i_136,"Craig Sweeny, Bo Yeon Kim, Erika Lippoldt",Olatunde Osunsanmi,"Michelle Yeoh, Omari Hardwick, Sam Richardson, Robert Kazinsky, Kacey Rohl, Sven Ruygrok, James Hiroyuki Liao, Humberly González, Joe Pingue, Miku Martineau",English,unknown,,unknown,unknown,,,37.0,,,,"Action, Adventure, Drama, Sci-Fi","Action, Adventure",Action,Adventure,0.0006864056
Colorful Stage! The Movie: A Miku Who Can't Sing,2025,105,PG,6.2,240.0,Shibuya teen musician Ichika meets Hatsune Miku after hearing her song in a store. The pair work together to help Miku forge emotional connections through music.,https://www.imdb.com/title/tt33050528/?ref_=sr_i_347,Yoko Yonaiyama,Hiroyuki Hata,"Akina, Yu Asakawa, Naoto Fuga, Saki Fujita, Ai Furihata, Meiko Haigo, Daisuke Hirose, Rina Honnizumi, Fumiya Imai, Karin Isobe",Japanese,unknown,,unknown,unknown,,,,,,,"Anime, Animation, Music","Anime, Animation",Anime,Animation,0.0006840612
Death of a Unicorn,2025,107,R,5.7,711.0,Father-Daughter duo Elliott and Ridley hit a unicorn with their car and bring it to the wilderness retreat of a mega-wealthy pharmaceutical CEO.,https://www.imdb.com/title/tt28443655/?ref_=sr_i_64,Alex Scharfman,Alex Scharfman,"Jenna Ortega, Paul Rudd, David Pasquesi, Anthony Carrigan, Richard E. Grant, Téa Leoni, Will Poulter, Jessica Hynes, Denise Delgado, Kathryn Erbe",English,unknown,,unknown,unknown,,,55.0,,,,"Dark Comedy, Monster Horror, Comedy, Fantasy, Horror, Thriller","Dark Comedy, Monster Horror",Dark Comedy,Monster Horror,0.00060032954
Plankton: The Movie,2025,87,TV-PG,5.4,2300.0,"When Karen the Computer decides to take over the world, it's up to Plankton to stop her - with a little help from SpongeBob and the Gal Pals (Pearl, Sandy, and Mrs. Puff).",https://www.imdb.com/title/tt32560777/?ref_=sr_i_104,"Mr. Lawrence, Kaz, Chris Viscardi",Dave Needham,"Mr. Lawrence, Jill Talley, Tom Kenny, Bill Fagerbakke, Rodger Bumpass, Carolyn Lawrence, Clancy Brown, Mary Jo Catlett, Lori Alan, Dee Bradley Baker",English,unknown,,unknown,unknown,,,61.0,,,,"Computer Animation, Adventure, Animation, Comedy, Family, Fantasy, Musical","Computer Animation, Adventure",Computer Animation,Adventure,0.00056184863
Hot Milk,2025,92,R,5.7,174.0,"With a strange illness, a mother and her daughter embark on a journey to the Spanish coast to find a cure, and along the way the daughter discovers another reality far from her controlling mother.",https://www.imdb.com/title/tt17538632/?ref_=sr_i_254,"Rebecca Lenkiewicz, Deborah Levy",Rebecca Lenkiewicz,"Emma Mackey, Vicky Krieps, Fiona Shaw, Vincent Perez, Yann Gael, Nicole Cyrille, Patsy Ferran, Korina Gougouli, Denia Mimerini, Dimitris Oikonomidis",English,unknown,,unknown,unknown,,,,,,,Drama,Drama,Drama,unknown,0.0005163899
Last Take: Rust and the Story of Halyna,2025,90,TV-MA,6.8,187.0,"A personal look at the life, work and untimely death of celebrated indie cinematographer Halyna Hutchins, who was shot and killed in a tragic accident on the set of the film Rust in 2021.",https://www.imdb.com/title/tt23724242/?ref_=sr_i_317,"Halyna Hutchins, Rachel Mason, Joel Souza",Rachel Mason,"Halyna Hutchins, Rachel Mason, Joel Souza, Olesia Saveleva, Terese Davis, Thomas Gandy, Roman Gandy, Devon Werkheiser, Frances Fisher, Craig Mizrahi",English,unknown,,unknown,unknown,,,67.0,,,,"Crime, Documentary, Drama","Crime, Documentary",Crime,Documentary,0.00044937647
Love Forever,2025,96,TV-14,5.2,1300.0,The plans of Stockholmers Hanna and Samuel of an intimate countryside wedding in Gotland are shattered by family and friends.,https://www.imdb.com/title/tt30308957/?ref_=sr_i_280,Staffan Lindberg,Staffan Lindberg,"Matilda Källström, Charlie Gustafsson, Kjell Bergqvist, Anja Lundqvist, Samuel Astor, Vilhelm Blomgren, Elias Buskas, Stine Landin Dettmann, Niklas Engdahl, Katarina Ewerlöf",Swedish,unknown,,unknown,unknown,,,,,,,"Comedy, Romance","Comedy, Romance",Comedy,Romance,0.00042438894
Delicious,2025,102,TV-MA,4.4,4200.0,"A German family vacationing in a French villa encounters a mysterious injured woman and takes her in, leading to unforeseen consequences.",https://www.imdb.com/title/tt32047217/?ref_=sr_i_66,Nele Mueller-Stöfen,Nele Mueller-Stöfen,"Fahri Yardim, Valerie Pachner, Carla Díaz, Naila Schuberth, Caspar Hoffmann, Julien De Saint Jean, Melodie Casta, Sina Martens, Miveck Packa, Joep Paddenburg","English, German",unknown,,unknown,unknown,,,,,,,"Drama, Thriller","Drama, Thriller",Drama,Thriller,0.00034141238
The Baby in the Basket,2025,100,TV-MA,5.4,84.0,"A baby in a basket is left on the steps of an isolated monastery on a Scottish island. The nuns take it in, planning to care for it until a storm passes. Soon though, strange and unexplained events begin to happen at the convent.",https://www.imdb.com/title/tt26594761/?ref_=sr_i_493,"Tom Jolliffe, Nathan Shepka","Andy Crane, Nathan Shepka","Maryam d'Abo, Paul Barber, Amber Doig-Thorne, Annabelle Lanyon, Michaela Longden, Elle O'Hara, Lisa Riesner, Nathan Shepka, David Rogerson, Tim Spriggs",unknown,unknown,,unknown,unknown,,,,,,,"Drama, Horror, Mystery","Drama, Horror",Drama,Horror,0.0003331101
The Electric State,2025,125,PG-13,6.0,43000.0,"An orphaned teen hits the road with a mysterious robot to find her long-lost brother, teaming up with a smuggler and his wisecracking sidekick.",https://www.imdb.com/title/tt7766378/?ref_=sr_i_48,"Christopher Markus, Stephen McFeely, Simon Stålenhag","Anthony Russo, Joe Russo","Chris Pratt, Millie Bobby Brown, Woody Harrelson, Ke Huy Quan, Woody Norman, Ann Russo, Greg Cromer, Vince Pisani, Camrus Johnson, Juan Uribe Brandi",English,unknown,,unknown,unknown,,,29.0,,,,"Action Epic, Adventure Epic, Artificial Intelligence, Dystopian Sci-Fi, Epic, Quest, Sci-Fi Epic, Urban Adventure, Action, Adventure","Action Epic, Adventure Epic",Action Epic,Adventure Epic,0.00026591876
Marked Men,2025,93,R,5.2,1300.0,"Shaw has loved Rule since she saw him, but Rule doesn't see her as a suitable match, but a night of drinking and secrets leads them to question if they can be together without ruining their relationship...or each other.",https://www.imdb.com/title/tt26452781/?ref_=sr_i_115,"Jay Crownover, Sharon Soboil",Nick Cassavetes,"Alexander Ludwig, Chase Stokes, Natalie Alyn Lind, Sydney Taylor, Ella Balinska, Hannah Kepple, Paul Johansson, Matthew Noszka, Daisy Jelley, Inanna Sarkis",English,unknown,,unknown,unknown,,,,,,,Romance,Romance,Romance,unknown,0.00025610556
Echo Valley,2025,83,R,7.1,12.0,"Kate is dealing with a personal tragedy while owning and training horses in Echo Valley, an isolated and picturesque place, when her daughter, Claire, arrives at her doorstep, frightened, trembling and covered in someone else's blood.",https://www.imdb.com/title/tt27052633/?ref_=sr_i_300,Brad Ingelsby,Michael Pearce,"Sydney Sweeney, Julianne Moore, Kyle MacLachlan, Domhnall Gleeson, Fiona Shaw, Rebecca Creskoff, Will Fitz, Edmund Donovan, Audrey Grace Marshall, Jared Canfield",English,unknown,,unknown,unknown,,,,,,,"Drama, Thriller","Drama, Thriller",Drama,Thriller,0.00024934995
The Monkey,2025,98,R,6.3,23000.0,"When twin brothers Bill and Hal find their father's old monkey toy in the attic, a series of gruesome deaths start. The siblings decide to throw the toy away and move on with their lives, growing apart over the years.",https://www.imdb.com/title/tt27714946/?ref_=sr_i_6,"Osgood Perkins, Stephen King",Osgood Perkins,"Theo James, Tatiana Maslany, Christian Convery, Colin O'Brien, Elijah Wood, Rohan Campbell, Sarah Levy, Osgood Perkins, Tess Degenstein, Danica Dreyer",English,unknown,,unknown,unknown,,,62.0,,,,"Dark Comedy, Splatter Horror, Horror","Dark Comedy, Splatter Horror",Dark Comedy,Splatter Horror,0.00022501456
Kinda Pregnant,2025,97,R,4.9,14000.0,"When Lainy's plan to settle down and start a family falls apart, she puts on a fake baby bump, tells a lie, and accidentally falls for her dream guy.",https://www.imdb.com/title/tt30253036/?ref_=sr_i_114,"Julie Paiva, Amy Schumer",Tyler Spindel,"Amy Schumer, Will Forte, Jillian Bell, Brianne Howey, Lizze Broadway, Urzila Carlson, Chris Geere, Damon Wayans Jr., Alex Moffat, Joel David Moore",English,unknown,,unknown,unknown,,,38.0,,,,"Farce, Comedy, Drama","Farce, Comedy",Farce,Comedy,0.0002248786
Mickey 17,2025,137,R,7.0,60000.0,"Mickey 17, known as an ""expendable,"" goes on a dangerous journey to colonize an ice planet.",https://www.imdb.com/title/tt12299608/?ref_=sr_i_5,"Bong Joon Ho, Edward Ashton",Bong Joon Ho,"Robert Pattinson, Steven Yeun, Michael Monroe, Patsy Ferran, Cameron Britton, Christian Patterson, Lloyd Hutchinson, Samuel Blenkin, Ian Hanmore, Sabet Choudhury",English,unknown,,unknown,unknown,,,72.0,,,,"Alien Invasion, Dark Comedy, Space Sci-Fi, Adventure, Comedy, Fantasy, Sci-Fi","Alien Invasion, Dark Comedy",Alien Invasion,Dark Comedy,0.00022429317
The Witcher: Sirens of the Deep,2025,91,TV-MA,6.1,7600.0,"Hired to probe seaside village attacks, mutant monster hunter Geralt unravels an age-old conflict between humans and sea people that threatens war between kingdoms. Aided by allies, he must solve the mystery before hostilities escalate.",https://www.imdb.com/title/tt15495150/?ref_=sr_i_162,"Mike Ostrowski, Rae Benjamin, Andrzej Sapkowski",Kang Hei Chul,"Doug Cockle, Joey Batey, Anya Chalotra, Christina Wren, Emily Carey, Camrus Johnson, Simon Templeman, Ray Chase, Mallory Jansen, Cynthia Kaye McWilliams","English, Polish",unknown,,unknown,unknown,,,54.0,,,,"Adult Animation, Anime, Dark Fantasy, Action, Adventure, Animation, Drama, Fantasy, Mystery","Adult Animation, Anime",Adult Animation,Anime,0.00021325139
Drop,2025,100,PG-13,5.9,119.0,"A widowed mother's first date in years takes a terrifying turn when she's bombarded with anonymous threatening messages on her phone during their upscale dinner, leaving her questioning if her charming date is behind the harassment.",https://www.imdb.com/title/tt32149847/?ref_=sr_i_82,"Jillian Jacobs, Chris Roach",Christopher Landon,"Meghann Fahy, Brandon Sklenar, Violett Beane, Jacob Robinson, Reed Diamond, Gabrielle Ryan, Sarah McCormack, Jeffery Self, Ed Weeks, Benjamin Pelletier",English,unknown,,unknown,unknown,,,72.0,,,,"Whodunnit, Drama, Mystery, Thriller","Whodunnit, Drama",Whodunnit,Drama,0.00020312153
Ad Vitam,2025,98,TV-MA,5.9,8800.0,"After escaping an attempted murder, Franck Lazareff must find his wife Leo, who has been kidnapped by a mysterious group of armed men. He is caught up by his past and plunged into a state affair that is beyond him.",https://www.imdb.com/title/tt32138452/?ref_=sr_i_182,"Guillaume Canet, Rodolphe Lauga, David Corona",Rodolphe Lauga,"Guillaume Canet, Stéphane Caillard, Nassim Lyes, Zita Hanrot, Alexis Manenti, Johan Heldenbergh, Jean-Yves Berteloot, Stéphane Rideau, Cyrielle Clair, Stéphanie Crayencour",French,unknown,,unknown,unknown,,,40.0,,,,"Action, Crime, Drama, Mystery, Thriller","Action, Crime",Action,Crime,0.00019842283
Man with No Past,2025,102,R,4.3,469.0,"Amnesiac man awakens in unknown city, seeks truth about past. Aided by allies, infiltrates powerful gang, engages in time-transcending battle while fate looms.",https://www.imdb.com/title/tt31974129/?ref_=sr_i_333,Steven Paul,James Bamford,"Jon Voight, Adam Woodward, Marton Csokas, Charlotte Vega, Philip Winchester, Charlotte Weston, Jeff Alexander, Nebli Basani, Todor Todorov, Judith Chandler",English,unknown,,unknown,unknown,,,,,,,"Action, Drama","Action, Drama",Action,Drama,0.000188321
Rule Breakers,2025,120,PG,7.4,617.0,"In a nation where educating girls is rebellion, a visionary woman sparks hope and opposition. Their courage ignites a movement that could transform their nation forever.",https://www.imdb.com/title/tt23398348/?ref_=sr_i_23,"Jason Brown, Bill Guttentag, Elaha Mahboob",Bill Guttentag,"Nikohl Boosheri, Ali Fazal, Phoebe Waller-Bridge, Amber Afzali, Waj Ali, Mohamed Bentaleb, Samar Boukadida, Tatsu Carvalho, Lilian Castro, Christian Contreras",English,unknown,,unknown,unknown,,,55.0,,,,Drama,Drama,Drama,unknown,0.00017595098
Wish You Were Here,2025,99,PG-13,4.7,428.0,A woman searching for a spark finds a whirlwind night of romance with a man only to discover he is terminally ill and commits to helping him spend his last days living life to the fullest.,https://www.imdb.com/title/tt14893438/?ref_=sr_i_234,"Julia Stiles, Renée Carlino",Julia Stiles,"Isabelle Fuhrman, Mena Massoud, Gabby Kono-Abdy, Jimmie Fails, Josh Caras, Jennifer Grey, Kelsey Grammer, Jordan Gavaris, Mike Carlsen, Jane Stiles",English,unknown,,unknown,unknown,,,50.0,,,,Romance,Romance,Romance,unknown,0.0001657708
Putin,2025,109,R,3.1,1400.0,"A portrait of a formidable political figure, unraveling the contrasting facets of an iron-fisted tyrant and a man haunted by fear.",https://www.imdb.com/title/tt20414834/?ref_=sr_i_42,Patryk Vega,Patryk Vega,"Tomasz Dedek, Justyna Karlowska, Thomas Kretschmann, Slawomir Sobala, Kalina Wysocka, Maksymilian Zielinski",English,unknown,,unknown,unknown,,,,,,,"Biography, Crime, Drama, Thriller, War","Biography, Crime",Biography,Crime,0.00016101479
Dog Man,2025,89,PG,6.3,7400.0,"Dog Man, half dog and half man, he is sworn to protect and serve as he doggedly pursues the feline supervillain Petey the Cat.",https://www.imdb.com/title/tt10954718/?ref_=sr_i_2,"Peter Hastings, Dav Pilkey",Peter Hastings,"Pete Davidson, Poppy Liu, Lil Rel Howery, Isla Fisher, Billy Boyd, Rahnuma Panthaky, Maggie Wheeler, Peter Hastings, Luenell, Melissa Villaseñor",English,unknown,,unknown,unknown,,,66.0,,,,"Animal Adventure, Computer Animation, Superhero, Action, Adventure, Animation, Comedy, Crime, Family, Fantasy","Animal Adventure, Computer Animation",Animal Adventure,Computer Animation,0.00014652291
High Ground,2025,92,R,3.8,225.0,"When a mysterious prisoner lands in his jail, a border town sheriff faces the wrath of a brutal cartel in this action-packed thriller starring Charlie Weber, Katherine McNamara, and Academy Award® winner Jon Voight.",https://www.imdb.com/title/tt35669717/?ref_=sr_i_165,"Bill Sondheim, John Thaddeus",James Bamford,"Charlie Weber, Jon Voight, Katherine McNamara, Henry Thomas, James Oliver Wheatley, Dustin Ingram, Skyler Shaye, Nebli Basani, Max Kraus, Charlotte Weston",English,unknown,,unknown,unknown,,,,,,,Thriller,Thriller,Thriller,unknown,0.00013451348
The Last Supper,2025,114,PG-13,6.1,390.0,"Depicts events prior to a betrayal, as a group of disciples gather, unveiling secrets and underlying motives.",https://www.imdb.com/title/tt32461003/?ref_=sr_i_19,"Mauro Borrelli, John Collins",Mauro Borrelli,"Robert Knepper, Jamie Ward, James Faulkner, James Oliver Wheatley, Nathalie Rapti Gomez, Henry Garrett, Fredrik Wagner, Daniel Fathers, Mayssae El Halla, Charlie MacGechan",English,unknown,,unknown,unknown,,,,,,,"Period Drama, Drama, History","Period Drama, Drama",Period Drama,Drama,0.00013035671
The Parenting,2025,94,R,5.7,4000.0,A couple rents a countryside house for a weekend with their parents and then discover it's inhabited by a 400-year-old poltergeist.,https://www.imdb.com/title/tt14041896/?ref_=sr_i_57,Kent Sublette,Craig Johnson,"Nik Dodani, Brandon Flynn, Brian Cox, Edie Falco, Lisa Kudrow, Dean Norris, Vivian Bang, Parker Posey, Kate Avallone, Elle Kaye",English,unknown,,unknown,unknown,,,45.0,,,,"Supernatural Horror, Comedy, Horror","Supernatural Horror, Comedy",Supernatural Horror,Comedy,0.000113892886
Black Bag,2025,93,R,7.3,11000.0,"When intelligence agent Kathryn Woodhouse is suspected of betraying the nation, her husband - also a legendary agent - faces the ultimate test of whether to be loyal to his marriage, or his country.",https://www.imdb.com/title/tt30988739/?ref_=sr_i_15,David Koepp,Steven Soderbergh,"Michael Fassbender, Gustaf Skarsgård, Cate Blanchett, Tom Burke, Marisa Abela, Regé-Jean Page, Naomie Harris, Kae Alexander, Martin Bassindale, Pierce Brosnan",English,unknown,,unknown,unknown,,,85.0,,,,"Spy, Drama, Romance, Thriller","Spy, Drama",Spy,Drama,7.557642e-05
The Ballad of Wallis Island,2025,100,PG-13,7.8,154.0,"THE BALLAD OF WALLIS ISLAND follows Charles (Tim Key), an eccentric lottery winner who lives alone on a remote island and dreams of getting his favorite musicians, McGwyer Mortimer (Tom Basden and Carey Mulligan) back together.",https://www.imdb.com/title/tt27674982/?ref_=sr_i_156,"Tom Basden, Tim Key",James Griffiths,"Tom Basden, Tim Key, Sian Clifford, Akemnji Ndifornyen, Steve Marsh, Carey Mulligan, Luka Downie, Kerrie Thomason, Arron Long",English,unknown,,unknown,unknown,,,76.0,,,,"Quirky Comedy, Comedy, Drama, Music","Quirky Comedy, Comedy",Quirky Comedy,Comedy,7.208222e-05
Becoming Led Zeppelin,2025,122,PG-13,7.8,2500.0,"The film traces the journeys of the four members of the Stairway To Heaven rockers through the music scene of the 1960s and their meeting in the summer of 1968, culminating in 1970.",https://www.imdb.com/title/tt10365912/?ref_=sr_i_17,"Bernard MacMahon, Allison McGourty",Bernard MacMahon,"Led Zeppelin, Jimmy Page, Robert Plant, John Paul Jones, John Bonham, Peter Grant",English,unknown,,unknown,unknown,,,64.0,,,,"Concert, Music Documentary, Documentary, Music","Concert, Music Documentary",Concert,Music Documentary,6.2143765e-05
Borderline,2025,94,R,5.3,2000.0,A bodyguard protects a pop superstar and her athlete boyfriend from a determined stalker in 1990s Los Angeles.,https://www.imdb.com/title/tt13650814/?ref_=sr_i_43,Jimmy Warden,Jimmy Warden,"Samara Weaving, Ray Nicholson, Eric Dane, Jimmie Fails, Alba Baptista, Patrick Cox, Yasmeen Kelders, Catherine Lough Haggquist, Terence Kelly, April Cameron",English,unknown,,unknown,unknown,,,63.0,,,,"Dark Comedy, Psychological Horror, Psychological Thriller, Comedy, Horror, Thriller","Dark Comedy, Psychological Horror",Dark Comedy,Psychological Horror,5.9728514e-05
The Actor,2025,98,R,7.6,84.0,"When New York actor Paul Cole is beaten and left for dead in 1950s Ohio, he loses his memory and finds himself stranded in a mysterious small town where he struggles to get back home and reclaim what he's lost.",https://www.imdb.com/title/tt14127944/?ref_=sr_i_40,"Stephen Cooney, Duke Johnson, Donald E. Westlake",Duke Johnson,"André Holland, Gemma Chan, May Calamawy, Asim Chaudhry, Joe Cole, Fabien Frankel, Olwen Fouéré, Edward Hogg, Toby Jones, Youssef Kerkour",English,unknown,,unknown,unknown,,,62.0,,,,"Crime, Drama, Mystery, Thriller","Crime, Drama",Crime,Drama,5.6550598e-05
The Accountant 2,2025,124,R,7.6,254.0,Christian Wolff applies his brilliant mind and illegal methods to reconstruct the unsolved puzzle of a Treasury chief's murder.,https://www.imdb.com/title/tt7068946/?ref_=sr_i_78,Bill Dubuque,unknown,"Ben Affleck, Jon Bernthal, Cynthia Addai-Robinson, J.K. Simmons, Allison Robertson, Alison Wright, Daniella Pineda, Robert Morgan, Grant Harvey, Andrew Howard",English,unknown,,unknown,unknown,,,61.0,Gavin O'Connor,,,"Whodunnit, Action, Crime, Drama, Mystery, Thriller","Whodunnit, Action",Whodunnit,Action,5.203626e-05
Heart Eyes,2025,97,R,6.1,14000.0,"For the past several years, the ""Heart Eyes Killer"" has wreaked havoc on Valentine's Day by stalking and murdering romantic couples. This Valentine's Day, no couple is safe.",https://www.imdb.com/title/tt32558992/?ref_=sr_i_8,"Phillip Murphy, Christopher Landon, Michael Kennedy",Josh Ruben,"Mason Gooding, Olivia Holt, Gigi Zumbado, Michaela Watkins, Alex Walker, Lauren O'Hara, Latham Gaines, Alex McColl, Karlton Laing, Amy L. Workman",English,unknown,,unknown,unknown,,,61.0,,,,"Dark Comedy, Slasher Horror, Splatter Horror, Whodunnit, Comedy, Horror, Mystery","Dark Comedy, Slasher Horror",Dark Comedy,Slasher Horror,2.7309534e-05
The Legend of Ochi,2025,96,PG,7.7,129.0,"In a remote village on the island of Carpathia, a shy farm girl named Yuri is raised to fear an elusive animal species known as ochi. When Yuri discovers a wounded baby ochi has been left behind, she escapes on a quest to bring him home.",https://www.imdb.com/title/tt8866456/?ref_=sr_i_174,Isaiah Saxon,Isaiah Saxon,"Helena Zengel, Willem Dafoe, Emily Watson, Finn Wolfhard, Razvan Stoica, Carol Bors, Andrei Antoniu Anghel, David Andrei Baltatu, Eduard Mihail Oancea, Tomas Otto Ghela",English,unknown,,unknown,unknown,,,66.0,,,,"Teen Fantasy, Adventure, Family, Fantasy","Teen Fantasy, Adventure",Teen Fantasy,Adventure,2.2169346e-05
The Unbreakable Boy,2025,109,PG,5.7,1000.0,"A young boy with both a rare brittle-bone disease and autism transforms everyone around him with his joyous, funny, and life-affirming world view.",https://www.imdb.com/title/tt5181260/?ref_=sr_i_18,"Jon Gunn, Scott LeRette, Susy Flory",Jon Gunn,"Zachary Levi, Meghann Fahy, Jacob Laval, Drew Powell, Gavin Warren, Patricia Heaton, Todd Terry, Liza Marie Gonzalez, Arianne Martin, Kurt Yue",English,unknown,,unknown,unknown,,,35.0,,,,"Teen Drama, Drama","Teen Drama, Drama",Teen Drama,Drama,1.5223484e-05
Can You Feel the Beat: The Lisa Lisa Story,2025,90,TV-14,6.7,201.0,"15-year-old Puerto Rican Lisa Velez overcomes sexism, racism, and breast cancer to become Latin pop pioneer behind hits like ""Can You Feel The Beat,"" inspiring generations of Latina artists.",https://www.imdb.com/title/tt34346832/?ref_=sr_i_430,Rebecca Murga,Tailiah Breon,"Bre-Z, Matt Borlenghi, Jearnest Corchado, Lisa Lisa, Maurice P. Kerry, Giovanni Cristoff, Alijah Kai, Angie Martinez, Donny Carrington, David Dunston",English,unknown,,unknown,unknown,,,,,,,"Biography, Documentary","Biography, Documentary",Biography,Documentary,1.2026014e-05
Clown in a Cornfield,2025,96,R,8.1,87.0,"A fading midwestern town in which Frendo the clown, a symbol of bygone success, reemerges as a terrifying scourge.",https://www.imdb.com/title/tt23060698/?ref_=sr_i_140,"Carter Blanchard, Eli Craig, Adam Cesare",Eli Craig,"Katie Douglas, Carson MacCormac, Aaron Abrams, Cassandra Potenza, Verity Marks, Vincent Muller, Will Sasso, Kevin Durand, Ayo Solanke, Alexandre Martin Deakin",English,unknown,,unknown,unknown,,,,,,,"Dark Comedy, Slasher Horror, Teen Comedy, Teen Horror, Comedy, Horror","Dark Comedy, Slasher Horror",Dark Comedy,Slasher Horror,1.0614808e-05
If I Had Legs I'd Kick You,2025,113,R,7.3,235.0,"With her life literally crashing down around her, Linda attempts to navigate her child's mysterious illness, her absent husband, a missing person, and an increasingly hostile relationship with her therapist.",https://www.imdb.com/title/tt18382850/?ref_=sr_i_224,Mary Bronstein,Mary Bronstein,"Rose Byrne, Conan O'Brien, Danielle Macdonald, Delaney Quinn, Mary Bronstein, A$AP Rocky, Ivy Wolk, Christian Slater, Mark Stolzenberg, Manu Narayan",English,unknown,,unknown,unknown,,,82.0,,,,"Comedy, Drama","Comedy, Drama",Comedy,Drama,6.1121777e-06
Novocaine,2025,110,R,6.8,9500.0,"When the girl of his dreams is kidnapped, a man incapable of feeling physical pain turns his rare condition into an unexpected advantage in the fight to rescue her.",https://www.imdb.com/title/tt29603959/?ref_=sr_i_14,Lars Jacobson,"Dan Berk, Robert Olsen","Jack Quaid, Amber Midthunder, Ray Nicholson, Jacob Batalon, Betty Gabriel, Matt Walsh, Conrad Kemp, Evan Hengst, Craig Jackson, Lou Beatty Jr.",English,unknown,,unknown,unknown,,,60.0,,,,"Dark Comedy, One-Person Army Action, Superhero, Action, Comedy, Thriller","Dark Comedy, One-Person Army Action",Dark Comedy,One-Person Army Action,1.1955035e-06
Blue Moon,2025,100,R,7.4,165.0,"Tells the story of Lorenz Hart's struggles with alcoholism and mental health as he tries to save face during the opening of ""Oklahoma!"".",https://www.imdb.com/title/tt32536315/?ref_=sr_i_220,Robert Kaplow,Richard Linklater,"Ethan Hawke, Margaret Qualley, Bobby Cannavale, Andrew Scott, Giles Surridge, Simon Delaney, John Doran, Patrick Kennedy, Jonah Lees, Elaine O'Dwyer",English,unknown,,unknown,unknown,,,76.0,,,,"Biography, Drama, Music","Biography, Drama",Biography,Drama,6.975356e-07
